<?xml version="1.0" encoding="utf-8" standalone="yes"?>
<rss version="2.0" xmlns:atom="http://www.w3.org/2005/Atom">
  <channel>
    <title>Pricing information | conholdate.com</title>
    <link>https://aspose.conholdate.com/pricing/metered-pricing/metered-small-business/</link>
    <description>Recent content on Pricing information | conholdate.com</description>
    <generator>Hugo -- gohugo.io</generator>
    <language>en</language><atom:link href="https://aspose.conholdate.com/pricing/metered-pricing/metered-small-business/index.xml" rel="self" type="application/rss+xml" />
  </channel>
</rss>
