<?xml version="1.0" encoding="utf-8" standalone="yes"?>
<rss version="2.0" xmlns:atom="http://www.w3.org/2005/Atom">
  <channel>
    <title>Tags on Preisinformationen | conholdate.com</title>
    <link>https://aspose.conholdate.com/pricing/de/tags/</link>
    <description>Recent content in Tags on Preisinformationen | conholdate.com</description>
    <generator>Hugo -- gohugo.io</generator>
    <language>de</language><atom:link href="https://aspose.conholdate.com/pricing/de/tags/index.xml" rel="self" type="application/rss+xml" />
  </channel>
</rss>
