<?xml version="1.0" encoding="utf-8" standalone="yes"?>
<rss version="2.0" xmlns:atom="http://www.w3.org/2005/Atom">
  <channel>
    <title>Categories on 定价信息 | conholdate.com</title>
    <link>https://aspose.conholdate.com/pricing/zh/categories/</link>
    <description>Recent content in Categories on 定价信息 | conholdate.com</description>
    <generator>Hugo -- gohugo.io</generator>
    <language>zh</language>
    <lastBuildDate>Wed, 31 May 2023 00:00:00 +0000</lastBuildDate><atom:link href="https://aspose.conholdate.com/pricing/zh/categories/index.xml" rel="self" type="application/rss+xml" />
    <item>
      <title>articles</title>
      <link>https://aspose.conholdate.com/pricing/zh/categories/articles/</link>
      <pubDate>Wed, 31 May 2023 00:00:00 +0000</pubDate>
      
      <guid>https://aspose.conholdate.com/pricing/zh/categories/articles/</guid>
      <description></description>
    </item>
    
  </channel>
</rss>
